<?xml version="1.0" encoding="UTF-8" standalone="no"?>
<ui>
<!-- CREATED WITH MACHINAPP IDE -->
<uiid>1</uiid>
<title/>
<version>0.3</version>
<onLoadScript/>
<onEndScript/>
<element>
<id>1</id>
<checked>0</checked>
<onChangeScript/>
<onClickScript/>
<percentHeight>7.0</percentHeight>
<percentLeft>12.0</percentLeft>
<percentTop>0.0</percentTop>
<percentWidth>74.0</percentWidth>
<text>Fatoração com Crivo de Eratóstenes</text>
<type>2</type>
</element>
<element>
<id>2</id>
<checked>0</checked>
<onChangeScript/>
<onClickScript/>
<percentHeight>5.0</percentHeight>
<percentLeft>12.0</percentLeft>
<percentTop>15.0</percentTop>
<percentWidth>13.0</percentWidth>
<text>Valor</text>
<type>2</type>
</element>
<element>
<id>3</id>
<checked>0</checked>
<onChangeScript/>
<onClickScript/>
<percentHeight>5.0</percentHeight>
<percentLeft>29.0</percentLeft>
<percentTop>15.0</percentTop>
<percentWidth>39.0</percentWidth>
<text/>
<type>1</type>
</element>
<element>
<id>4</id>
<checked>0</checked>
<onChangeScript/>
<onClickScript>calcular</onClickScript>
<percentHeight>7.0</percentHeight>
<percentLeft>30.0</percentLeft>
<percentTop>29.0</percentTop>
<percentWidth>28.0</percentWidth>
<text>Fatorar</text>
<type>3</type>
</element>
</ui>
