<?xml version="1.0" encoding="UTF-8" standalone="no"?>
<ui>
<!-- - - - CREATED WITH MACHINAPP IDE V.: 1.0 - - - -->
<uiid>2</uiid>
<title/>
<version>0.2</version>
<onLoadScript>lua::aamo.log("ON LOAD TELA 2")</onLoadScript>
<onEndScript>lua::aamo.log("END SCRIPT TELA 2")</onEndScript>
<onLeaveScript>lua::aamo.log("LEAVE SCRIPT TELA 2")</onLeaveScript>
<onMenuSelected/>
<backgroundColor/>
<element>
<id>1</id>
<checked>0</checked>
<onChangeScript/>
<onClickScript/>
<percentHeight>10.0</percentHeight>
<percentLeft>16.0</percentLeft>
<percentTop>3.0</percentTop>
<percentWidth>65.0</percentWidth>
<text>Esta é a segunda tela</text>
<type>2</type>
<stretch>0</stretch>
</element>
<element>
<id>2</id>
<checked>0</checked>
<onChangeScript/>
<onClickScript>sairDaTela</onClickScript>
<percentHeight>10.0</percentHeight>
<percentLeft>4.0</percentLeft>
<percentTop>82.0</percentTop>
<percentWidth>30.0</percentWidth>
<text>Voltar</text>
<type>3</type>
<stretch>0</stretch>
</element>
<element>
<id>3</id>
<checked>0</checked>
<onChangeScript/>
<onClickScript>lua::aamo.loadScreen(3)</onClickScript>
<percentHeight>10.0</percentHeight>
<percentLeft>15.0</percentLeft>
<percentTop>45.0</percentTop>
<percentWidth>38.0</percentWidth>
<text>Ir para tela 3</text>
<type>3</type>
<stretch>0</stretch>
</element>
<element>
<id>4</id>
<checked>0</checked>
<onChangeScript/>
<onClickScript>lua::aamo.showMessage(aamo.getLabelText(1))</onClickScript>
<percentHeight>10.0</percentHeight>
<percentLeft>15.0</percentLeft>
<percentTop>57.0</percentTop>
<percentWidth>39.0</percentWidth>
<text>Show Label</text>
<type>3</type>
<stretch>0</stretch>
</element>
</ui>
