<?xml version="1.0" encoding="UTF-8" standalone="no"?>
<ui>
<!-- - - - CREATED WITH MACHINAPP IDE V.: 1.0 - - - -->
<uiid>3</uiid>
<title>Tela 3</title>
<version>0.2</version>
<onLoadScript>lua::aamo.log("ON LOAD TELA 3")</onLoadScript>
<onEndScript>lua::aamo.log("END SCRIPT TELA 3")</onEndScript>
<onLeaveScript>lua::aamo.log("LEAVE SCRIPT TELA 3")</onLeaveScript>
<onMenuSelected/>
<backgroundColor/>
<element>
<id>1</id>
<checked>0</checked>
<onChangeScript/>
<onClickScript/>
<percentHeight>10.0</percentHeight>
<percentLeft>22.0</percentLeft>
<percentTop>3.0</percentTop>
<percentWidth>52.0</percentWidth>
<text>Esta é a terceira tela</text>
<type>2</type>
<stretch>0</stretch>
</element>
<element>
<id>2</id>
<checked>0</checked>
<onChangeScript/>
<onClickScript>sairDaTela</onClickScript>
<percentHeight>10.0</percentHeight>
<percentLeft>4.0</percentLeft>
<percentTop>82.0</percentTop>
<percentWidth>30.0</percentWidth>
<text>Voltar</text>
<type>3</type>
<stretch>0</stretch>
</element>
<element>
<id>3</id>
<checked>0</checked>
<onChangeScript/>
<onClickScript>lua::aamo.loadScreen(4)</onClickScript>
<percentHeight>9.0</percentHeight>
<percentLeft>9.0</percentLeft>
<percentTop>47.0</percentTop>
<percentWidth>40.0</percentWidth>
<text>Quarta Tela</text>
<type>3</type>
<stretch>0</stretch>
</element>
</ui>
