<?xml version="1.0" encoding="UTF-8" standalone="no"?>
<ui>
<!-- - - - CREATED WITH MACHINAPP IDE V.: 1.0 - - - -->
<uiid>4</uiid>
<title>Tela 4</title>
<version>0.2</version>
<onLoadScript>prepararlista</onLoadScript>
<onEndScript>lua::aamo.log("END SCRIPT TELA 4")</onEndScript>
<onLeaveScript>lua::aamo.log("LEAVE SCRIPT TELA 4")</onLeaveScript>
<onMenuSelected/>
<backgroundColor/>
<element>
<id>1</id>
<checked>0</checked>
<onChangeScript/>
<onClickScript/>
<percentHeight>28.0</percentHeight>
<percentLeft>0.0</percentLeft>
<percentTop>0.0</percentTop>
<percentWidth>100.0</percentWidth>
<text/>
<type>5</type>
<onElementSelected>lua::aamo.showMessage(aamo.getGlobalParameter("aamo::selectedText"))</onElementSelected>
<stretch>0</stretch>
</element>
<element>
<id>5</id>
<checked>0</checked>
<onChangeScript/>
<onClickScript>lua::aamo.clearListBox(1)</onClickScript>
<percentHeight>10.0</percentHeight>
<percentLeft>0.0</percentLeft>
<percentTop>34.0</percentTop>
<percentWidth>30.0</percentWidth>
<text>Limpar</text>
<type>3</type>
<stretch>0</stretch>
</element>
<element>
<id>2</id>
<checked>0</checked>
<onChangeScript/>
<onClickScript>sairDaTela</onClickScript>
<percentHeight>10.0</percentHeight>
<percentLeft>3.0</percentLeft>
<percentTop>81.0</percentTop>
<percentWidth>30.0</percentWidth>
<text>Voltar</text>
<type>3</type>
<stretch>0</stretch>
</element>
<element>
<id>3</id>
<checked>0</checked>
<onChangeScript/>
<onClickScript>lua::aamo.showScreen(2)</onClickScript>
<percentHeight>9.0</percentHeight>
<percentLeft>0.0</percentLeft>
<percentTop>55.0</percentTop>
<percentWidth>46.0</percentWidth>
<text>tela 2</text>
<type>3</type>
<stretch>0</stretch>
</element>
<element>
<id>4</id>
<checked>0</checked>
<onChangeScript/>
<onClickScript>lua::aamo.showMessage(aamo.getLocalizedText("locmsg"))</onClickScript>
<percentHeight>12.0</percentHeight>
<percentLeft>52.0</percentLeft>
<percentTop>70.0</percentTop>
<percentWidth>37.0</percentWidth>
<text>MSG L10N</text>
<type>3</type>
<stretch>0</stretch>
</element>
</ui>
