<?xml version="1.0" encoding="UTF-8" standalone="no"?>
<ui>
<!-- - - - CREATED WITH MACHINAPP IDE V.: 1.0 - - - -->
<uiid>5</uiid>
<title>Tela 5</title>
<version>0.3</version>
<onLoadScript/>
<onEndScript>lua::aamo.log("END SCRIPT TELA 5")</onEndScript>
<onLeaveScript>lua::aamo.log("LEAVE SCRIPT TELA 5")</onLeaveScript>
<onMenuSelected/>
<backgroundColor/>
<element>
<id>1</id>
<checked>0</checked>
<onChangeScript/>
<onClickScript/>
<percentHeight>52.0</percentHeight>
<percentLeft>0.0</percentLeft>
<percentTop>0.0</percentTop>
<percentWidth>97.0</percentWidth>
<text/>
<type>6</type>
<url>http://www.google.com</url>
<stretch>0</stretch>
</element>
<element>
<id>2</id>
<checked>0</checked>
<onChangeScript/>
<onClickScript>lua::aamo.showScreen(1)</onClickScript>
<percentHeight>10.0</percentHeight>
<percentLeft>68.0</percentLeft>
<percentTop>60.0</percentTop>
<percentWidth>30.0</percentWidth>
<text>Voltar</text>
<type>3</type>
<stretch>0</stretch>
</element>
<element>
<id>3</id>
<checked>0</checked>
<onChangeScript/>
<onClickScript>lua::aamo.navigateTo(1,"l10n::murl")</onClickScript>
<percentHeight>10.0</percentHeight>
<percentLeft>0.0</percentLeft>
<percentTop>60.0</percentTop>
<percentWidth>30.0</percentWidth>
<text>Navegar</text>
<type>3</type>
<stretch>0</stretch>
</element>
<element>
<id>5</id>
<checked>0</checked>
<onChangeScript/>
<onClickScript>lua::aamo.setPicture(4,"brasil.png")</onClickScript>
<percentHeight>10.0</percentHeight>
<percentLeft>33.0</percentLeft>
<percentTop>60.0</percentTop>
<percentWidth>30.0</percentWidth>
<text>Trocar</text>
<type>3</type>
<stretch>0</stretch>
</element>
<element>
<id>4</id>
<checked>0</checked>
<onChangeScript/>
<onClickScript>lua::aamo.loadScreen(6)</onClickScript>
<percentHeight>21.0</percentHeight>
<percentLeft>0.0</percentLeft>
<percentTop>72.0</percentTop>
<percentWidth>96.0</percentWidth>
<text/>
<type>7</type>
<picture>l10n::imagem</picture>
<stretch>0</stretch>
</element>
</ui>
