<?xml version="1.0" encoding="UTF-8" standalone="no"?>
<ui>
<!-- - - - CREATED WITH MACHINAPP IDE V.: 1.0 - - - -->
<uiid>6</uiid>
<title>Tela 6</title>
<version>0.3</version>
<onLoadScript/>
<onEndScript>lua::aamo.log("END SCRIPT TELA 6")</onEndScript>
<onLeaveScript>lua::aamo.log("LEAVE SCRIPT TELA 6")</onLeaveScript>
<onMenuSelected/>
<backgroundColor/>
<element>
<id>1</id>
<checked>0</checked>
<onChangeScript/>
<onClickScript/>
<percentHeight>19.0</percentHeight>
<percentLeft>16.0</percentLeft>
<percentTop>2.0</percentTop>
<percentWidth>68.0</percentWidth>
<text>Tela 6</text>
<type>2</type>
<stretch>0</stretch>
</element>
<element>
<id>2</id>
<checked>0</checked>
<onChangeScript/>
<onClickScript>lua::aamo.exitScreen()</onClickScript>
<percentHeight>10.0</percentHeight>
<percentLeft>3.0</percentLeft>
<percentTop>82.0</percentTop>
<percentWidth>30.0</percentWidth>
<text>Voltar</text>
<type>3</type>
<stretch>0</stretch>
</element>
</ui>
