<?xml version="1.0" encoding="UTF-8" standalone="no"?>
<ui>
<!-- CREATED WITH AAMO EDITOR -->
<uiid>1</uiid>
<title/>
<version>0.3</version>
<onLoadScript>lua::aamo.openDatabase("contatos")</onLoadScript>
<onEndScript>lua::aamo.log("END SCRIPT TELA 1")</onEndScript>

<element>
<id>1</id>
<checked>0</checked>
<onChangeScript/>
<onClickScript/>
<percentHeight>5.0</percentHeight>
<percentLeft>1.0</percentLeft>
<percentTop>10.0</percentTop>
<percentWidth>18.0</percentWidth>
<text>Nome:</text>
<type>2</type>
</element>

<element>
<id>2</id>
<checked>0</checked>
<onChangeScript/>
<onClickScript/>
<percentHeight>10.0</percentHeight>
<percentLeft>25.0</percentLeft>
<percentTop>31.0</percentTop>
<percentWidth>64.0</percentWidth>
<text/>
<type>1</type>
</element>

<element>
<id>3</id>
<checked>0</checked>
<onChangeScript/>
<onClickScript/>
<percentHeight>5.0</percentHeight>
<percentLeft>3.0</percentLeft>
<percentTop>33.0</percentTop>
<percentWidth>15.0</percentWidth>
<text>Email:</text>
<type>2</type>
</element>

<element>
<id>4</id>
<checked>0</checked>
<onChangeScript/>
<onClickScript/>
<percentHeight>10.0</percentHeight>
<percentLeft>25.0</percentLeft>
<percentTop>8.0</percentTop>
<percentWidth>64.0</percentWidth>
<text/>
<type>1</type>
</element>

<element>
<id>5</id>
<checked>0</checked>
<onChangeScript/>
<onClickScript/>
<percentHeight>5.0</percentHeight>
<percentLeft>1.0</percentLeft>
<percentTop>20.0</percentTop>
<percentWidth>24.0</percentWidth>
<text>Endereço:</text>
<type>2</type>
</element>

<element>
<id>6</id>
<checked>0</checked>
<onChangeScript/>
<onClickScript/>
<percentHeight>10.0</percentHeight>
<percentLeft>25.0</percentLeft>
<percentTop>20.0</percentTop>
<percentWidth>64.0</percentWidth>
<text/>
<type>1</type>
</element>

<element>
<id>7</id>
<checked>0</checked>
<onChangeScript/>
<onClickScript>lua::aamo.showMessage(aamo.execSQL("update contato set nome=?, endereco=?, email=? where id=?", aamo.getTextField(4),aamo.getTextField(6),aamo.getTextField(2),3))</onClickScript>
<percentHeight>10.0</percentHeight>
<percentLeft>63.0</percentLeft>
<percentTop>57.0</percentTop>
<percentWidth>22.0</percentWidth>
<text>Alterar</text>
<type>3</type>
</element>

<element>
<id>8</id>
<checked>0</checked>
<onChangeScript/>
<onClickScript>lua::aamo.execSQL("insert into contato (id , nome, endereco, email) values (?,?,?,?)", NULL,aamo.getTextField(4),aamo.getTextField(6),aamo.getTextField(2))</onClickScript>
<percentHeight>10.0</percentHeight>
<percentLeft>5.0</percentLeft>
<percentTop>57.0</percentTop>
<percentWidth>22.0</percentWidth>
<text>Incluir</text>
<type>3</type>
</element>

<element>
<id>9</id>
<checked>0</checked>
<onChangeScript/>
<onClickScript>lua::aamo.showMessage(aamo.execSQL("delete FROM contato where id=?", 3))</onClickScript>
<percentHeight>10.0</percentHeight>
<percentLeft>33.0</percentLeft>
<percentTop>57.0</percentTop>
<percentWidth>22.0</percentWidth>
<text>Excluir</text>
<type>3</type>
</element>


 <element>
        <id>10</id>
        <type>3</type>
        <percentTop>70</percentTop>
        <percentLeft>30</percentLeft>
        <percentWidth>30</percentWidth>
        <percentHeight>15</percentHeight>
        <text>Buscar Contato</text>
        <onClickScript>acessodb</onClickScript>
</element>
</ui>
