<?xml version="1.0" encoding="utf-8"?>
<ui>
	<version>0.2</version>
	<uiid>1</uiid>
	<title>Fatoração</title>
	<onLoadScript></onLoadScript>
	<onEndScript></onEndScript>
	
	<element>
		<id>1</id>
		<type>2</type>
		<percentTop>0</percentTop>
		<percentLeft>0</percentLeft>
		<percentHeight>5</percentHeight>
		<percentWidth>100</percentWidth>
		<text>Fatoração com Crivo de Eratóstenes</text>
	</element>
	
	<element>
		<id>2</id>
		<type>2</type>
		<percentTop>10</percentTop>
		<percentLeft>0</percentLeft>
		<percentHeight>5</percentHeight>
		<percentWidth>12</percentWidth>
		<text>Valor</text>
	</element>
	
	<element>
		<id>3</id>
		<type>1</type>
		<percentTop>10</percentTop>
		<percentLeft>13</percentLeft>
		<percentHeight>10</percentHeight>
		<percentWidth>30</percentWidth>
		<text></text>
	</element>
	
	<element>
		<id>4</id>
		<type>3</type>
		<percentTop>30</percentTop>
		<percentLeft>0</percentLeft>
		<percentHeight>10</percentHeight>
		<percentWidth>30</percentWidth>
		<text>Fatorar</text>
		<onClickScript>calcular</onClickScript>
	</element>	
	
</ui>