<?xml version="1.0" encoding="UTF-8" standalone="no"?>
<ui>
<!-- - - - CREATED WITH MACHINAPP IDE V.: 1.0 - - - -->
<uiid>1</uiid>
<title>Teste AAMO</title>
<version>0.3</version>
<onLoadScript/>
<onEndScript>lua::aamo.log("END SCRIPT TELA 1")</onEndScript>
<onLeaveScript/>
<onMenuSelected>lua::aamo.showMessage(aamo.getGlobalParameter("aamo::selectedMenuText"))</onMenuSelected>
<backgroundColor/>
<menu>
<option>l10n::first</option>
<option>Opção Um</option>
<option>Opção Dois</option>
</menu>
<element>
<id>1</id>
<checked>0</checked>
<onChangeScript/>
<onClickScript/>
<percentHeight>10.0</percentHeight>
<percentLeft>40.0</percentLeft>
<percentTop>2.0</percentTop>
<percentWidth>40.0</percentWidth>
<text/>
<type>1</type>
<stretch>0</stretch>
</element>
<element>
<id>2</id>
<checked>0</checked>
<onChangeScript/>
<onClickScript/>
<percentHeight>10.0</percentHeight>
<percentLeft>3.0</percentLeft>
<percentTop>3.0</percentTop>
<percentWidth>30.0</percentWidth>
<text>l10n::teste</text>
<type>2</type>
<stretch>0</stretch>
</element>
<element>
<id>3</id>
<checked>1</checked>
<onChangeScript>lua::aamo.log("Trocou CHK: " .. aamo.getCheckBox(3))</onChangeScript>
<onClickScript/>
<percentHeight>10.0</percentHeight>
<percentLeft>5.0</percentLeft>
<percentTop>17.0</percentTop>
<percentWidth>10.0</percentWidth>
<text/>
<type>4</type>
<stretch>0</stretch>
</element>
<element>
<id>4</id>
<checked>0</checked>
<onChangeScript/>
<onClickScript>lua::aamo.showMenu()</onClickScript>
<percentHeight>10.0</percentHeight>
<percentLeft>3.0</percentLeft>
<percentTop>33.0</percentTop>
<percentWidth>24.0</percentWidth>
<text>Menu</text>
<type>3</type>
<stretch>0</stretch>
</element>
<element>
<id>9</id>
<checked>0</checked>
<onChangeScript/>
<onClickScript>lua::aamo.setCheckBox(3,0)</onClickScript>
<percentHeight>10.0</percentHeight>
<percentLeft>27.0</percentLeft>
<percentTop>17.0</percentTop>
<percentWidth>26.0</percentWidth>
<text>SetChk</text>
<type>3</type>
<stretch>0</stretch>
</element>
<element>
<id>5</id>
<checked>0</checked>
<onChangeScript/>
<onClickScript>tela2</onClickScript>
<percentHeight>10.0</percentHeight>
<percentLeft>0.0</percentLeft>
<percentTop>46.0</percentTop>
<percentWidth>30.0</percentWidth>
<text>Tela 2</text>
<type>3</type>
<stretch>0</stretch>
</element>
<element>
<id>7</id>
<checked>0</checked>
<onChangeScript/>
<onClickScript>lua::aamo.setTextField(1,"OK")</onClickScript>
<percentHeight>10.0</percentHeight>
<percentLeft>1.0</percentLeft>
<percentTop>60.0</percentTop>
<percentWidth>46.0</percentWidth>
<text>Change Text</text>
<type>3</type>
<stretch>0</stretch>
</element>
<element>
<id>10</id>
<checked>0</checked>
<onChangeScript/>
<onClickScript>lua::aamo.loadScreen(5)</onClickScript>
<percentHeight>10.0</percentHeight>
<percentLeft>60.0</percentLeft>
<percentTop>60.0</percentTop>
<percentWidth>34.0</percentWidth>
<text>Tela 5</text>
<type>3</type>
<stretch>0</stretch>
</element>
<element>
<id>6</id>
<checked>0</checked>
<onChangeScript/>
<onClickScript>lua::aamo.exitScreen()</onClickScript>
<percentHeight>10.0</percentHeight>
<percentLeft>0.0</percentLeft>
<percentTop>80.0</percentTop>
<percentWidth>38.0</percentWidth>
<text>Terminar</text>
<type>3</type>
<stretch>0</stretch>
</element>
<element>
<id>8</id>
<checked>0</checked>
<onChangeScript/>
<onClickScript>lua::aamo.showMessage(aamo.getCheckBox(3))</onClickScript>
<percentHeight>10.0</percentHeight>
<percentLeft>50.0</percentLeft>
<percentTop>32.0</percentTop>
<percentWidth>44.0</percentWidth>
<text>Get CheckBox</text>
<type>3</type>
<stretch>0</stretch>
</element>
</ui>
